predicted,R,H,2B,3B,HR,RBI,BB,SO,SH,GIDP,AVG,PO,A,E,DP,award_count,inducted
0,571.3928571428571,1137.1285714285714,197.37857142857143,31.77857142857143,112.55714285714286,561.7714285714286,420.3642857142857,584.0285714285715,57.58571428571429,85.49285714285715,0.23705018607634015,3459.907142857143,1315.3642857142856,105.0,323.75,4.021428571428571,0.1
1,1055.9787234042553,1931.6170212765958,336.531914893617,67.95744680851064,230.29787234042553,1024.872340425532,743.2553191489362,808.2978723404256,76.74468085106383,105.04255319148936,0.2691184304218756,5885.765957446809,1980.3191489361702,158.04255319148936,563.6382978723404,14.787234042553191,0.723404255319149
