predicted,R,H,2B,3B,HR,RBI,BB,SO,SH,GIDP,AVG,PO,A,E,DP,award_count,inducted
0,565.1418439716313,1124.950354609929,194.4822695035461,31.822695035460992,111.80851063829788,555.2127659574468,414.1418439716312,582.7092198581561,56.49645390070922,84.95035460992908,0.23716623067337902,3430.8439716312055,1276.8014184397164,102.97163120567376,316.78014184397165,4.01418439716312,0.09929078014184398
1,1085.6739130434783,1986.2173913043478,348.4347826086956,68.6086956521739,235.15217391304347,1055.0434782608695,769.3478260869565,817.2173913043479,80.5,107.1304347826087,0.2694598642515071,6027.586956521739,2112.978260869565,165.41304347826087,590.2173913043479,15.043478260869565,0.7391304347826086
