predicted,W,L,CG,SHO,SV,H_allowed,ER,HR_allowed,BB_allowed,StruckOut,BAOpp,ERA,WP,HitBatsmen,BK,R_allowed,SH_allowed,SF_allowed,GIDP_pitcher,award_count,inducted
0,131.6909090909091,108.61818181818182,90.36363636363636,17.363636363636363,51.163636363636364,2015.5454545454545,816.9636363636364,153.03636363636363,684.3818181818182,1156.1636363636364,0.28386027338841535,4.200415160632893,50.127272727272725,42.43636363636364,6.927272727272728,932.0727272727273,40.0,28.10909090909091,74.54545454545455,3.9272727272727272,0.14545454545454545
1,199.5,134.08333333333334,161.0,28.75,12.833333333333334,2677.75,1057.25,211.83333333333334,946.0833333333334,1963.0,0.2439306033403699,2.9816596680942897,53.083333333333336,59.666666666666664,7.416666666666667,1207.6666666666667,26.666666666666668,21.416666666666668,62.666666666666664,15.25,0.75
