predicted,R,H,2B,3B,HR,RBI,BB,SO,SH,GIDP,AVG,PO,A,E,DP,award_count,inducted
0,571.2676056338029,1138.0,196.81690140845072,31.732394366197184,114.09154929577464,562.5915492957746,417.5,590.5352112676056,55.57746478873239,86.98591549295774,0.23699610259813914,3437.007042253521,1291.7676056338028,103.16901408450704,317.2676056338028,4.232394366197183,0.1056338028169014
1,1077.911111111111,1964.1777777777777,344.4888888888889,69.71111111111111,230.6888888888889,1042.8666666666666,766.6444444444444,797.7333333333333,83.93333333333334,101.2,0.2707143491462224,6065.844444444445,2084.3333333333335,166.17777777777778,594.7555555555556,14.6,0.7333333333333333
