predicted,W,L,CG,SHO,SV,H_allowed,ER,HR_allowed,BB_allowed,StruckOut,BAOpp,ERA,WP,HitBatsmen,BK,R_allowed,SH_allowed,SF_allowed,GIDP_pitcher,award_count,inducted
0,127.0701754,104.8070175,87.19298246,16.75438596,49.36842105,1944.929825,788.3157895,147.6666667,660.3859649,1115.666667,0.285479211,4.131979541,48.36842105,40.94736842,6.684210526,899.3859649,38.59649123,27.12280702,71.92982456,4.49122807,0.157894737
1,239.4,160.9,193.2,34.5,15.4,3212.7,1268.6,254.2,1135.2,2355.2,0.226716724,3.127991602,63.7,71.6,8.9,1449.1,32,25.7,75.2,14.3,0.8
