predicted,W,L,CG,SHO,SV,H_allowed,ER,HR_allowed,BB_allowed,StruckOut,BAOpp,ERA,WP,HitBatsmen,BK,R_allowed,SH_allowed,SF_allowed,GIDP_pitcher,award_count,inducted
0,128.64285714285714,105.33928571428571,87.46428571428571,16.642857142857142,50.214285714285715,1963.7857142857142,797.9285714285714,149.33928571428572,668.1964285714286,1122.892857142857,0.2848436358534181,4.214591420519551,48.767857142857146,39.160714285714285,6.767857142857143,909.3928571428571,40.535714285714285,28.767857142857142,76.28571428571429,4.714285714285714,0.14285714285714285
1,221.1818181818182,153.0909090909091,182.1818181818182,33.45454545454545,14.181818181818182,3001.4545454545455,1176.0,236.0,1052.2727272727273,2205.7272727272725,0.23529442442326073,2.7986936638950697,60.27272727272727,77.9090909090909,8.272727272727273,1348.1818181818182,22.727272727272727,17.454545454545453,52.72727272727273,12.272727272727273,0.8181818181818182
